name,dial_string
261 Cannon Park Place,261CannonParkPlace@musc.edu
4C Doctor Workroom,40206@cucm.musc.edu
4C Nurse Station 01,40177@cucm.musc.edu
Al Cannon Detention Center -  Clinic,ccdcclinic@musc.edu
Al Cannon Detention Center -  Intake,CCDCIntake@musc.edu
Alex Cohen,alex.cohen@pspnsc.org
Alex Weathery,alex.weatherly@pspnsc.org
Allendale Elementary,allendale.elementary@pspnsc.org
Allendale High School,allendale.high@pspnsc.org
Allison Jackson,ajackson@cucm.musc.edu
Althia Knowles,althia.knowles@pspnsc.org
Althia Knowles,althia.knowles@pspnsc.org
Alvin Lewis,lewisal@cucm.musc.edu
Amanda Hare,aml21@cucm.musc.edu
Amanda James,asj9@cucm.musc.edu
Amanda Parks,alp219@cucm.musc.edu
Amanda Roten,atr3@cucm.musc.edu
Amanda Salas,amanda.salas@cucm.musc.edu
Amanda Salas,amanda.salas@pspnsc.org
Amber Johnson,amj205@cucm.musc.edu
Amy Spear,ams243@cucm.musc.edu
Amy Wisse,aco2@cucm.musc.edu
Andrews Elementary,andrewselementary@pspnsc.org
Angela Lewis,angela.lewis@pspnsc.org
Angela Nicholson,angela.nicholson@pspnsc.org
Angelica Timmerman,alt218@cucm.musc.edu
Angello Lin,linang@cucm.musc.edu
Angel Thompson,angel.thompson@pspnsc.org
Anita Shuler,shuleran@cucm.musc.edu
Annie Bass,abb25@cucm.musc.edu
Anouchka Douyon,and215@cucm.musc.edu
Aquilla Bec,aquilla.bec@pspnsc.org
Art 5E,5EArt@cucm.musc.edu
Art 5W,5WArt@cucm.musc.edu
Art 6W,6WArt@cucm.musc.edu
ART Chest Pain Center,ARTChestPainCenter@musc.edu
Ashleigh Carter,ashleigh.carter@pspnsc.org
Ashley Black,ashley.black@pspnsc.org
Ashley Hall School,AshleyHallSchool@musc.edu
Ashley McCracken,amccracken@cucm.musc.edu
Ashley Parker,asp30@cucm.musc.edu
Ashley Wabnitz,amw208@cucm.musc.edu
Aundrea Loftley,easona@cucm.musc.edu
Bamberg Ehrhardt High School,BambergEhrhardt.High@pspnsc.org
Bamberg Ehrhardt Middle School,BambergEhrhardt.Middle@pspnsc.org
Baptist Hill High,BaptistHillHigh-CA300@musc.edu
Barry Gibney,bcg202@cucm.musc.edu
Beaufort Jasper Hampton Comp Health SX10,BJHCHS133SX10@musc.edu
Beaufort Jasper Head Start,beaufortjasperheadstart@musc.edu
Beaufort Mem OB PSPN,beaufortob@pspnsc.org
Beaufort Memorial 3T,BMHCA300-3T@musc.edu
Beaufort Memorial ED,BMHCA750-ED@musc.edu
Beaufort Memorial Harrison Peeples,BMH.HarrisonPeeples@musc.edu
Beaufort Memorial NNICU,BMHCA750-NNICU@musc.edu
Beaufort Memorial Sickle Cell,BMHCA300-SickleCell@musc.edu
Beaufort MUSC Pediatrics Specialty,BeaufortPedsSpecialtyCA300@musc.edu
Bed 15,40176@cucm.musc.edu
Bed 16,40160@cucm.musc.edu
Bed 17 ,40175@cucm.musc.edu
Bed 18,40173@cucm.musc.edu
Bed 19,40164@cucm.musc.edu
Bed 20,40172@cucm.musc.edu
Bed 21,40175@cucm.musc.edu
Bed 23,40181@cucm.musc.edu
Bed 27,40162@cucm.musc.edu
Bells Elementary,BellsElementary@musc.edu
Bernae Johnson,bej208@cucm.musc.edu
Beth Jacobs,beth.jacobs@pspnsc.org
BHSA Aiken Ctr Cart,aikencentercart@pspnsc.org
BHSA ALPHA Bishipville Ctr Cart,ALPHABishopvillecart@pspnsc.org
BHSA Alpha Camden Ctr Cart,ALPHAcamdencart@pspnsc.org
BHSA ALPHA Ctr Cheterfield,ALPHAchesterfieldcart@pspnsc.org
BHSA Anderson Ctr Cart,bhsaAndersoncart@pspnsc.org
BHSA Axis 1 Cart,axis1cart@pspnsc.org
BHSA Beaufort Cart,BeaufortCart@pspnsc.org
BHSA Charleston Ctr Cart,charlestoncentercart@pspnsc.org
BHSA Charleston Ctr Convene,CharlestonConvene@pspnsc.org
BHSA Cherokee Ctr Gaffney,CherokeeCart@pspnsc.org
BHSA Circle Park Cart,circleparkflorencecart@pspnsc.org
BHSA Circle Park Chrysalis Cart,bhsachrysaliscart@pspnsc.org
BHSA CirclePark Convene Polycom 310,circleparkflorenceconvene@pspnsc.org
BHSA Clarendon Polycom Cart,clarendoncart@pspnsc.org
BHSA Colleton Cart,colletoncart@pspnsc.org
BHSA Cornerstone Abbeville Cart,cornerstonecartabbeville@pspnsc.org
BHSA Cornerstone Cart Edgefield,cornerstoneedgefieldcart@pspnsc.org
BHSA Cornerstone Cart Greenwood,CornerstoneCartRivers@pspnsc.org
BHSA Cornerstone McCormick,cornerstonemccormickcart@pspnsc.org
BHSA DAODAS Cart,DAODASCart@pspnsc.org
BHSA Dorchester Bridge,8435554901@PSPNSC.org
BHSA Dorchester Cart,dorchestercart@pspnsc.org
BHSA Dorchester Convene,dorchesterconvene@pspnsc.org
BHSA Fairfield Cart,fairfieldcart@pspnsc.org
BHSA Forrester Center Spartanburg,forrestercart@pspnsc.org
BHSA Forrester Ctr Convene Spartanburg,forresterconvene@pspnsc.org
BHSA Gateway Ctr Clinton,gatewaycart@pspnsc.org
BHSA Georgetown Cart,georgetowncart@pspnsc.org
BHSA Hazel Pittman Ctr Chester,HPittmanCart@pspnsc.org
BHSA Kennedy Ctr Cart Monks Corner,EEKennedyCart@pspnsc.org
BHSA Keystone Cart,daodaskeystonecart@pspnsc.org
BHSA Keystone Cart Herlong,Keystone-Herlong@pspnsc.org
BHSA Keystone Convene,daodaskeystoneconvene@pspnsc.org
BHSA Lancaster Cart,daodaslancastercart@pspnsc.org
BHSA LARADAC Cart2,lradaccart2@pspnsc.org
BHSA LARADAC Colonial Cart,LRADACCart@pspnsc.org
BHSA LARADAC Colonial Convene,LRADACconvene@pspnsc.org
BHSA LARADAC Lex Ctr Cart,LRADACLexingtoncart@pspnsc.org
BHSA Meeting Room,50268@pspnsc.org
BHSA Meeting Room,50268@pspnsc.org
BHSA New Life Ctr Allendale Cart,newlifecentercart@pspnsc.org
BHSA New Life Ctr Cart Hampton,newlifehamptoncart@pspnsc.org
BHSA New Life Ctr Jasper,newlifejaspercart@pspnsc.org
BHSA Office Cart,BHSAOffice@pspnsc.org
BHSA Phoenix Bridge,8435554902@PSPNSC.org
BHSA Phoenix Ctr Cart,phoenixcart@pspnsc.org
BHSA Phoenix Ctr Cart Industrial Dr,PhoenixCartIndustrial@pspnsc.org
BHSA Phoenix Ctr Convene,phoenixconvene@pspnsc.org
BHSA Pickens Cart,bhspickenscart@pspnsc.org
BHSA Region 1 Group Call,51001@pspnsc.org
BHSA Region 2 Group Call,52002@pspnsc.org
BHSA Region 3 Group Call,53003@pspnsc.org
BHSA Region 4 Group Call,54004@pspnsc.org
BHSA Rubicon Ctr Cart,rubiconcart@pspnsc.org
BHSA Seneca Cart,bhsaoconeecart@pspnsc.org
BHSA Serenity Place Clinical Cart,SerenityPlaceClincart@pspnsc.org
BHSA Shoreline BellTerre Cart,ShorelineCartBellTerre@pspnsc.org
BHSA Shoreline Cart,shorelinecart@pspnsc.org
BHSA Shoreline Clinical Cart,ShorelineClinCart@pspnsc.org
BHSA Shoreline Convene,shorelineconvene@pspnsc.org
BHSA Sumter Cart Freedom House,SumterFreedomHouse@pspnsc.org
BHSA Sumter Cart Harvin,bhsaSumterharvinCart@pspnsc.org
BHSA Sumter Cart Liberty,SumterBehavioralCartLiberty@pspnsc.org
BHSA Sumter Cart Main,SumterBehavioral-Main@pspnsc.org
BHSA Tri-County Bamberg Cart,tricountybambergcart@pspnsc.org
BHSA Tri-County Bridge,8435554900@pspnsc.org
BHSA Tri-County Cart Orangeburg,tricountyoburgcart@pspnsc.org
BHSA Tri-County Cart Santee,tricountySanteecart@pspnsc.org
BHSA Tri-County Convene Orangeburg,tricountyoburgconv@pspnsc.org
BHSA Trinity Bennettsville Cart,trinitybennettsvillecart@pspnsc.org
BHSA Trinity Cart Dillon,trinitydilloncart@pspnsc.org
BHSA Trinity Marion,trinitymarioncart@pspnsc.org
BHSA Union Cart,unioncart@pspnsc.org
BHSA Westview Cart Newberry,WestviewNewberry@pspnsc.org
BHSA Westview Cart Saluda,westviewsaludacart@pspnsc.org
BHSA White Horse Clinical Cart,WhiteHorseClinCart@pspnsc.org
BHSA Williamsburg Cart,daodaswilliamsburgcart@pspnsc.org
Blaney Elementary (Kershaw),BlaneyElementary@pspnsc.org
BMHCORONA BMHCORONA,BMHCORONA@cucm.musc.edu
BMH COVID,BMHCOVID@cucm.musc.edu
Brent Baroody,brent.baroody@pspnsc.org
Brentwood Meeting Street Cart,BrentwoodMSA@musc.edu
Brentwood Meeting Street Clinic,brentwoodclinic@musc.edu
Brian Heaster,brian.heaster@pspnsc.org
Bridgette Hardin,bridgette.hardin@pspnsc.org
Brittany Brown,brs222@cucm.musc.edu
Brittany Marshall,Brittany.Marshall@pspnsc.org
Brittney James,brittney.james@pspnsc.org
Broad River Elementary - Beaufort,BroadRiverElem@musc.edu
Brockington Elementary,BrockingtonElementary@pspnsc.org
Brooke Yeager-McSwain,yeagerbe@pspnsc.org
Bryna Rickett,caseyb@cucm.musc.edu
Burke High / Simmons Pinckney,burkehighschool@musc.edu
Burns Elementary,burnselementary@musc.edu
Caitlin McCue,cam280@cucm.musc.edu
Calhoun County High School,ccps.matthews.high@pspnsc.org
Calhoun County K-8 St. Matthews,ccps.matthews.k8@pspnsc.org
Camden High School (Kershaw),CamdenHighSchoolKCSD@pspnsc.org
Camilo Mateus,cam33@cucm.musc.edu
CareSouth Bishopville Cart,CareSouthBishopville@pspnsc.org
CareSouth Cheraw Cart,CareSouthCheraw@pspnsc.org
CareSouth Chesterfield Cart,CareSouthChesterfield@pspnsc.org
CareSouth Dillion Cart,CareSouthDillon@pspnsc.org
CareSouth Hartsville Cart,CareSouthHartsville@pspnsc.org
CareSouth Lakeview Cart,CareSouthLakeview@pspnsc.org
CareSouth Society Hill Cart,CareSouthSocietyHill@pspnsc.org
Carlos Zayas,caz202@cucm.musc.edu
Carol Brown,browncab@cucm.musc.edu
Carolina Elementary,CarolinaElementary@pspnsc.org
Carolina OB Georgetown,obgyn10@musc.edu
Carolina OB Murrell's Inlet,obgyn11@musc.edu
Cart 1,11001@cucm.musc.edu
Cart 10,11010@cucm.musc.edu
Cart 11,11011@cucm.musc.edu
Cart 12,11012@cucm.musc.edu
Cart 13,11013@cucm.musc.edu
Cart 14,11014@cucm.musc.edu
Cart 15,11015@cucm.musc.edu
Cart 16,11016@cucm.musc.edu
Cart 17,11017@cucm.musc.edu
Cart 18,11018@cucm.musc.edu
Cart 19,11019@cucm.musc.edu
Cart 2,11002@cucm.musc.edu
Cart 20,11020@cucm.musc.edu
Cart 21,11021@cucm.musc.edu
Cart 22,11022@cucm.musc.edu
Cart 23,11023@cucm.musc.edu
Cart 24,11024@cucm.musc.edu
Cart 25,11025@cucm.musc.edu
Cart 3,11003@cucm.musc.edu
Cart 31,10031@cucm.musc.edu
Cart 32,10032@cucm.musc.edu
Cart 33,10033@cucm.musc.edu
Cart 34,10034@cucm.musc.edu
Cart 35,10035@cucm.musc.edu
Cart 4,11004@cucm.musc.edu
Cart 5,11005@cucm.musc.edu
Cart 6,11006@cucm.musc.edu
Cart 7,11007@cucm.musc.edu
Cart 8,11008@cucm.musc.edu
Cart 9,11009@cucm.musc.edu
Carver Middle School,carvermiddleschool@pspnsc.org
Casey Watford,casey.watford@pspnsc.org
Casey Weaver,casey.weaver@pspnsc.org
Cathryn Cuizon,cfc200@cucm.musc.edu
Cdarlington Conf,cdarlington.conf@pspnsc.org
C. E. Murray Middle High School,CEMurrayMiddleHigh@musc.edu
Center for Telehealth Annex CA300,MUSC.CTHA.CA300@musc.edu
Center For Telehealth Annex Conference Room,CenterForTeleHealthSX10@musc.edu
Center For Telehealth CA310,CenterForTelehealthCA310@musc.edu
Center For Telehealth CA750,CenterForTelehealthCA750@musc.edu
Center For Telehealth Large Conference Room,CenterForTelehealth@musc.edu
Center For Telehealth LC-Patient,CenterForTelehealthLCPatient@musc.edu
Center For Telehealth Small Conference Room,CenterForTelehealthSmall@musc.edu
Chad Tober,chad.tober@pspnsc.org
Charleston Center Family Medicine,chascenterfammed@musc.edu
Charleston Math & Science Charter School,CharlestonMathScience@musc.edu
Chelsea Shepherd,cds203@cucm.musc.edu
Cheri Fowler,cheri.fowler@pspnsc.org
Cherokee Medical Center,CherokeeMedicalCenter@pspnsc.org
Cherryvale Elementary,CherryvaleElem.CA30@musc.edu
Chicora Elementary,chicoraelementary@musc.edu
Christian Miley,chm202@cucm.musc.edu
Christina Tepatti,cmg26@cucm.musc.edu
Christine Davis,DavisCT@cucm.musc.edu
Christine Holmstedt,cah59@cucm.musc.edu
Christine Larson,chl235@cucm.musc.edu
Christine San Giovanni,cbs201@cucm.musc.edu
Chung Lee,cal214@cucm.musc.edu
Cindy Davis,cindy.davis@pspnsc.org
Cisco Jabber1,Jabber1@cucm.musc.edu
Cisco Jabber2,Jabber2@cucm.musc.edu
Claire Smith,cls204@cucm.musc.edu
Cleveland Academy Spartanburg,ClevelandAcademy@pspnsc.org
Coastal Carolina Hospital,CoastalCarolinaHospital@pspnsc.org
Coastal Conference,51509@pspnsc.org
Colcock Boardroom,colcockboardroom@musc.edu
College of Nursing CA310,CoNCA310@musc.edu
Colleton County Middle School,colletoncountymiddle@musc.edu
Colston Edgerton,cae200@cucm.musc.edu
Columbia Nephrology,cnaca300@musc.edu
Concetta Crawford,concetta.crawford@pspnsc.org
Constance Guille,cog7@cucm.musc.edu
Conway Medical Center ED,ConwayMedicalED@musc.edu
Conway Medical Pediatrics VX,ConwayPediatricsVX@musc.edu
Cottageville Elementary School,CottagevilleElementary@musc.edu
Courtney Garris,courtney.garris@pspnsc.org
Cristin Adams,crs42@cucm.musc.edu
Crosswell Elementary,CrosswellElem@musc.edu
CTH1 Learning Commons,cthlc1@cucm.musc.edu
CVM TEST,CvmUSER@cucm.musc.edu
CVM TEST,CVM-TEST-USER@cucm.musc.edu
CVM TEST,CVM TEST USER@cucm.musc.edu
CVM TEST02,CvmTest02@cucm.musc.edu
Daniel Barr,dbb20@cucm.musc.edu
Daniel Jenkins Academy,DanielJenkinsAcademy@musc.edu
Daniel Venancio,djv@cucm.musc.edu
David Geddings,dag59@pspnsc.org
David Geddings,david@cucm.musc.edu
David Shirley,das29@cucm.musc.edu
David White,whitedr@cucm.musc.edu
Deanna Alexander,Deanna.Alexander@pspnsc.org
Debra Stokes,debra.stokes@pspnsc.org
Denmark Olar High School,DenmarkOlar.High@pspnsc.org
Denmark Olar Middle School,DenmarkOlar.Middle@pspnsc.org
Denzil Coleman,colemande@cucm.musc.edu
Derek DuBay,dad218@cucm.musc.edu
DMH Aiken 1,DMH_Aiken_1@edtele.scdmh.org
DMH Aiken 2,DMH_Aiken_2@edtele.scdmh.org
DMH Aiken 3,DMH_Aiken__3@edtele.scdmh.org
DMH Aleta Maria McGough,amm55@edtele.scdmh.org
DMH Alton Williams,acw97@edtele.scdmh.org
DMH Benjamin Potter,bdp21@edtele.scdmh.org
DMH Billy Walkup,wwalkup@edtele.scdmh.org
DMH Brittany Albright,bba57@edtele.scdmh.org
DMH Charleston 1,DMH_Charleston_1@edtele.scdmh.org
DMH Conference room 1135, 831135@167.7.12.195
DMH Dale Marko,dem46@edtele.scdmh.org
DMH Del Prewette,edp82@edtele.scdmh.org
DMH Elizabeth Betsy Baker,elb92@edtele.scdmh.org
DMH Elizabeth Burguieres,eab39@edtele.scdmh.org
DMH Jaclyn Sligar,jls54@edtele.scdmh.org
DMH Jimmy Claytor,jec50@edtele.scdmh.org
DMH Katelin Williamson,kjw47@edtele.scdmh.org
DMH Mandy Roper,apr77@edtele.scdmh.org
DMH Murad Elmgbar (IT),mse52@edtele.scdmh.org
DMH Patricia Nnadi,pnnadi@edtele.scdmh.org
DMH Piedmont Greer 2,Piedmont_Greer_2@tele.scdmh.org
DMH Sarah Kuhn,ssk68@edtele.scdmh.org
DMH Tobias-Gadson 159,Tobias_Gadson_Office_159@tele.scdmh.org
DMH Tobias-Gadson 161,Tobias_Gadson_Office_161@tele.scdmh.org
DMH Tobias-Gadson 162,Tobias_Gadson_Office_162@tele.scdmh.org
DMH Tobias-Gadson 163,Tobias_Gadson_Office_163@tele.scdmh.org
DMH Tobias-Gadson 164,Tobias_Gadson_Office_164@tele.scdmh.org
DMH Tobias-Gadson 165,Tobias_Gadson_Office_165@tele.scdmh.org
DMH Tobias-Gadson 166,Tobias_Gadson_Office_166@tele.scdmh.org
DMH Tobias-Gadson 167,Tobias_Gadson_Office_167@tele.scdmh.org
DMH Tobias-Gadson 168,Tobias_Gadson_Office_168@tele.scdmh.org
DMH Tobias-Gadson 169,Tobias_Gadson_Office_169@tele.scdmh.org
DMH Tobias-Gadson 174,Tobias_Gadson_Office_174@tele.scdmh.org
DMH Tobias-Gadson 175,Tobias_Gadson_Office_175@tele.scdmh.org
DMH Tobias-Gadson 176,Tobias_Gadson_Office_176@tele.scdmh.org
DMH Tobias-Gadson 177,Tobias_Gadson_Office_177@tele.scdmh.org
DMH Tobias-Gadson 178,Tobias_Gadson_Office_178@tele.scdmh.org
DMH Tobias-Gadson 179,Tobias_Gadson_Office_179@tele.scdmh.org
DMH Tobias-Gadson 192,Tobias_Gadson_Office_192@tele.scdmh.org
DMH Tobias-Gadson 199,Tobias_Gadson_Office_199@tele.scdmh.org
Dorothy Tyson,dow35@cucm.musc.edu
Douglas Elementary School,DouglasElementary@pspnsc.org
Dunston Elementary School,DunstonElementary@musc.edu
DX-05,40191@cucm.musc.edu
DX 18,40108@cucm.musc.edu
DX 26,40240@cucm.musc.edu
DX 28,40029@cucm.musc.edu
DX 29,40174@cucm.musc.edu
DX-30,40167@cucm.musc.edu
DX-31,40165@cucm.musc.edu
DX-32,40202@cucm.musc.edu
DX-33,40163@cucm.musc.edu
DX-ED-DR-RM,40203@cucm.musc.edu
East Coast Community Outreach,musc.ecco@musc.edu
East Cooper Midtown,East Cooper-Midtown@musc.edu
East Elementary (Dillon 4),eastelementary@pspnsc.org
EB Ellington Elementary,ebellingtonelemca300@musc.edu
Edgefield County Hospital ED,edgefieldhospital@pspnsc.org
Eleanor Santy,ees201@cucm.musc.edu
Elise Rodriguez RD LD,elr223@cucm.musc.edu
Elizabeth Burton,ecb@cucm.musc.edu
Elizabeth Glauser,edn200@cucm.musc.edu
Elizabeth Jeffords,elizabeth.jeffords@pspnsc.org
Elizabeth Sorg,elizabeth.sorg@pspnsc.org
Ellen Debenham,debenham@cucm.musc.edu
Ellis Oaks Family Medicine,ellisoaksfammed@musc.edu
Erica James,erj202@cucm.musc.edu
Eric Meissner,egm200@cucm.musc.edu
Essence Hutchinson,esh201@cucm.musc.edu
Ever Collier,ever.collier@pspnsc.org
Evgenia Kagan,evk2@cucm.musc.edu
Fairfax Elementary,fairfax.elementary@pspnsc.org
Fairfield Elementary,FairfieldElementary@pspnsc.org  
Fairfield Elementary,FairfieldElementary@pspnsc.org
Florence Pt,florence.pt@pspnsc.org
Florence RHN 5th floor,rhncentral5@cucm.musc.edu
Florence RHN 7th floor,rhncentral7@cucm.musc.edu
Florence RHN 8th floor,rhncentral8@cucm.musc.edu
Florence RHN 9th floor,rhncentral9@cucm.musc.edu
Forest Hills Elementary,ForestHillsElementary@musc.edu
Frances Charest,frances.charest@pspnsc.org
Francine Hittinger,frh202@cucm.musc.edu
Frankin C Fetter Hollywood,FCFetterHollywood@musc.edu
Franklin C Fetter Charleston,FCFetterCHS@musc.edu
Franklin C Fetter Cross,FCFetterCross@musc.edu
Franklin C Fetter Johns Island,FCFetterJI@musc.edu
Franklin C Fetter Moncks Corner,FCFetterMoncksCorner@musc.edu
Franklin C Fetter North Charleston,FCFetterNChas@musc.edu
Franklin C Fetter Summerville,FCFetterSville@musc.edu
Franklin C Fetter Walterboro,FCFetterWalt@musc.edu
Gary Harrington,Gary.Herrington@pspnsc.org
Geriatric Family Medicine,gfm@cucm.musc.edu
Giquetta McNeil,giquetta.mcneil@pspnsc.org
Goodwin Elementary,goodwinelementary@musc.edu
Gordon Elementary (Dillon 4),gordonelemdillon@pspnsc.org
Grace Suppa,grb215@cucm.musc.edu
Greeleyville Elementary School,GreeleyvilleElementary@musc.edu
Greg Mathis Charter School,GregMathisCharter@musc.edu
Hampton RMC CA750 Cart (1019),1019@hamptonregional.org
Hampton RMC Polycom Cart (1006),1006@hamptonregional.org
Hannah Feltner,haf209@cucm.musc.edu
Hardeeville Elementary School,HardeevilleElementarySchool@pspnsc.org
Hardeeville-Ridgeland Middle School,HardeevilleRidgelandMiddleSchool@pspnsc.org
Heather Worsham,Heather.Worsham@pspnsc.org
Helen Carroll,helen.carroll@pspnsc.org
Hemingway Elementary School,HemingwayElementary@musc.edu
Hemingway Middle High School,HemingwayMiddleHigh@musc.edu
Hollings Cancer Mobile,HollingsMobile1@musc.edu
Hopehealth HopeHealth,hopehealth.provider.endo@pspnsc.org
HopeHealth Provider 10,hopehealth.provider10@pspnsc.org
HopeHealth Provider 12,hopehealth.provider12@pspnsc.org
Howard Nettles,howard.nettles@pspnsc.org
 HRID Cart,hridcart@cucm.musc.edu
Hunter Bazaco,hub4@pspnsc.org
Hunter Bazaco,hbtest@pspnsc.org
I-Hweii Chen,iac200@cucm.musc.edu
India Geddis,ing200@cucm.musc.edu
Isabel Mendoza,isabel.mendoza@pspnsc.org
Issac Snapp,issac.snapp@pspnsc.org
Jack Downs,jack.downs@pspnsc.org
Jackie Jones,jackie.jones@pspnsc.org
Jackson Elementary School (Kershaw),JacksonElementary@pspnsc.org
Jacqueline Crosby,crosbyja@cucm.musc.edu
James J Davis Early Childhood Center - Beaufort,JamesDavisEarlyChildhood@musc.edu
James Simons Elementary,JamesSimonsElemCA300@musc.edu
James Sterrett,sterrejj@cucm.musc.edu
Jamie Singleton,singletonj@cucm.musc.edu
Janet Carter,carterjr@cucm.musc.edu
Janine Terry,j9terry@pspnsc.org
Jared White,jaw276@cucm.musc.edu
Jason Crosby,jcrosby@pspnsc.org
Jeniqua Duncan,Jeniqua.Duncan@pspnsc.org
Jennifer Larios,jel214@cucm.musc.edu
Jenni Fleming,JFleming@cucm.musc.edu
Jeri Andrews,Jeri.Andrews@pspnsc.org
Jessica Dustman,jed224@cucm.musc.edu
Jessica Mullins,jem281@cucm.musc.edu
Jessica Wilkes,Jessica.Wilkes@pspnsc.org
JET Middle School,JETMiddle@pspnsc.org
J. K. Gourdin Elementary BCSD,JKGourdinElementary@musc.edu
Jodi Schwartz,jow53@cucm.musc.edu
Joe  Turner,turnerj@cucm.musc.edu
John  DeWitt,BMH.John.DeWitt@pspnsc.org
John Gnann,jog78@cucm.musc.edu
John (Jeb) Hallett,hallett@cucm.musc.edu
John McGillicuddy,mcgillij@cucm.musc.edu
John Melville,jom252@cucm.musc.edu
John Moses,jom273@cucm.musc.edu
Johnston Elemnetary School,JohnstonElementary@pspnsc.org
Jolene Osorio,jolene.osorio@pspnsc.org
Jonathan Lena,resjrl5@cucm.musc.edu
Jonathan Lohr,JLohr@cucm.musc.edu
Jonathan Lohr,BMH.JonathanLohr@pspnsc.org
Joseph Cantey,canteyjr@cucm.musc.edu
J Simmons,jsimmons@cucm.musc.edu
Julia Fulbright,julia.fulbright@pspnsc.org
Julian Small,jus212@cucm.musc.edu
Julia Terese,jct202@cucm.musc.edu
Julie Antley,jua202@cucm.musc.edu
Julie Desmarteau,desmarte@cucm.musc.edu
Karen Fulwood,karen.fulwood@pspnsc.org
Karen Gosnell,karen.gosnell@pspnsc.org
Karen Hartwell,hartwelk@cucm.musc.edu
Karen O'Brien,kao206@cucm.musc.edu
Karim Soliman,kms208@cucm.musc.edu
Kate Gerweck,kag212@cucm.musc.edu
Katherine Chike-Harris,chikehar@cucm.musc.edu
Katherine Kyle,kak28@cucm.musc.edu
Kathleen Budds,kcb6@cucm.musc.edu
Kathleen Terry,kcg4@cucm.musc.edu
Kathryn Hale,kah245@cucm.musc.edu
Katie Noyes,katie.noyes@pspnsc.org
Kay Moore,eup4@cucm.musc.edu
Keith Miller,keimiller@cucm.musc.edu
Kelli Garber,keg206@cucm.musc.edu
Kelly Edwards Elemenary School,KellyEdwardsElem@pspnsc.org
Kenneth Gardner Elementary,kennethgardnerelem@musc.edu
Kenneth Jones,kjones@pspnsc.org
Kenneth Jones,kjones@cucm.musc.edu
Kevin Caughman,kec227@cucm.musc.edu
Kevin Delaney,kod@cucm.musc.edu
Kevin Gray,graykm@cucm.musc.edu
Kimberly Bova,kimbove@pspnsc.org
Kimberly Bova,kimbova@cucm.musc.edu
Kimberly Kascak,kascak@cucm.musc.edu
Kimberly Kicielinski,kpk201@cucm.musc.edu
Kim Cogdill,Kim.Cogdill@pspnsc.org
Kimsey Cooper,kac289@cucm.musc.edu
Kim Weatherford,kim.weatherford@pspnsc.org
Kimya Justice,kjustice@pspnsc.org
Kingstree Middle Magnet School Of The Arts,KingstreeMiddleMagnetSchool@musc.edu
Kingstree Senior High School,KingstreeSeniorHigh@musc.edu
Kris Lane,Kris.Lane@pspnsc.org
Kristin Calandra,krc206@cucm.musc.edu
Kristin Schier,kms202@cucm.musc.edu
Lachristy Moore,lam262@cucm.musc.edu
Lake View Elementary (Dillon 4),lakeviewelementary@pspnsc.org
Lamar Elementary,LamarElementary@pspnsc.org
Lamar Pt,lamar.pt@pspnsc.org
Larisa Diffley,led30@cucm.musc.edu
Laura Dority RD LD,lak37@cucm.musc.edu
Lauren Bailey,lauren.bailey@pspnsc.org
Leigh Pate,Leigh.Pate@pspnsc.org
Lemira Elementary,LemiraElementary@musc.edu
Liana Torres,liana.torres@pspnsc.org
Lisa Boyars,lmb@cucm.musc.edu
Lori Upshur,upshurla@cucm.musc.edu
LRMC-Loris,lrmc.loris@pspnsc.org
Luca Paoletti,pnl@cucm.musc.edu
Lugoff Elementary (Kershaw),LugoffElementary@pspnsc.org
Lugoff Elgin High School (Kershaw),LugoffElginHighSchoolKCSD@pspnsc.org 
Lynn Shillinglaw,lynn.shillinglaw@pspnsc.org
Main 4C,4CMain@cucm.musc.edu
Main 5SW,5SWMain@cucm.musc.edu
Main 7B,7BMain@cucm.musc.edu
Main 7E,7EMain@cucm.musc.edu
Main 8East,8EMain@cucm.musc.edu
Manchester Elementary,Manchester.Elem@musc.edu
Marcelo Guimaraes,guimarae@cucm.musc.edu
Margaret Dorsett,mld205@cucm.musc.edu
Margaret Ramsden,mcclame@cucm.musc.edu
Margaret Thompson,BMH.Margaret.Thompson@pspnsc.org
Maria Curameng,mac265@cucm.musc.edu
Maria Posadas Salas,map62@cucm.musc.edu
Mark Callahan,mark.callahan@pspnsc.org
Mark Callahan,mark.callahan@pspnsc.org
Mark Mancini,Mark.Mancini@pspnsc.org
Mark Matthews,mark.matthews@pspnsc.org
Mark Newbrough,man214@cucm.musc.edu
Martha Greene,mzg@cucm.musc.edu
Mary Ann Hegedus,hegedusm@cucm.musc.edu
Mary Banda,mab374@cucm.musc.edu
Mary Bramlett Elementary,MaryBramlettElementary@pspnsc.org
Mary Bryan,craigma@cucm.musc.edu
Mary Ford Elementary,MaryFordElem-CA300@musc.edu
Mary Hill,BMH.Mary.Hill@pspnsc.org
Mary H Wright Elementary School,maryhwrightelementaryschool@pspnsc.org
Mary Rinehart,mrr5@cucm.musc.edu
Matthew Hiatt,mhiatt@pspnsc.org
Matthew Webber,adminmaw256@cucm.musc.edu
Matt Webber,maw256test@cucm.musc.edu
Matt Webber,maw256test@pspnsc.org
Matt Webber,maw256test2@cucm.musc.edu
Matt Webber Admin Account,adminmaw256@cucm.musc.edu
M Britt,britt@cucm.musc.edu
McCrorey-Liston Elementary,McCroreyListonElementary@pspnsc.org
McCrorey-Liston Elementary School,McCroreyListonElementary@pspnsc.org
McLeod Health Florence Chair,mfm2@mcleodhealth.org
McLeod Health Florence Couch,8437777753
McLeod Health Loris OB/GYN,OBLoris1@mcleodhealth.org
McLeod Health Seacoast OB/GYN,OBSeacoast1@mcleodhealth.org
Meaghan Grandbouche,meg212@cucm.musc.edu
Meeting Street Academy,meetingstreetacademy@musc.edu
Memminger Elementary,memminger@musc.edu
Merriwether Elementary School,MerriwetherElementary@pspnsc.org
Merriwether Middle School,MerriwetherMiddle@pspnsc.org
Michael Blubaugh,MBlubaugh@pspnsc.org
Michael Capata,mic210@cucm.musc.edu
Michael Craig,craigml@cucm.musc.edu
Michael Haschker,haschker@cucm.musc.edu
Michael Norred,min202@cucm.musc.edu
Midway Elementary (Kershaw),MidwayElementary@pspnsc.org
Military Community Connection Navigation Center (529 Meeting Street),529MeetingStreet@musc.edu
Minnie Hughes Elementary,MinnieHughesElemCA300@musc.edu
Mitchell Elementary,mitchellelementary@musc.edu
Monica Martinez,mld9@cucm.musc.edu
Monica Taylor,mtaylor@cucm.musc.edu
Morgan Sires,mos217@cucm.musc.edu
Morgan Windham,morgan.windham@pspnsc.org
Morningside Middle School,MorningsideMiddleSchool@musc.edu
Mt. Pleasant After Hours Clinic,PedsMtPClinics@musc.edu
MUSC 7C iPad,musc7cipad@cucm.musc.edu
MUSC Adult Emergency EX60-2,AdultEX60-ED2@musc.edu
MUSC After Hours Summerville,AfterHoursSummervilleCA300@musc.edu
MUSC Basic Science 100,MUSCBSB100@musc.edu
MUSC Chester Medical Center,MUSCChester@musc.edu
MUSC ECCO,MUSC.ECCO@musc.edu
MUSC Florence Clinic Cart 1,MUSCFlorenceClinicCart1@musc.edu
MUSC Florence Clinic Cart 2,MUSCFlorenceClinicCart2@musc.edu
MUSC Florence ED,muscflorence@musc.edu
MUSC Greenville Clinic Cart 1,MUSCGreenvilleClinicCart1@musc.edu
MUSC Greenville Clinic Cart 2,MUSCGreenvilleClinicCart2@musc.edu
MUSC Marion Medical Center,MUSCMarion@musc.edu
MUSC Medical Surgical ICU,msicuca300@musc.edu
MUSC North Bridge HR,NorthBridge-HR@musc.edu
MUSC Okatie Clinic Cart 1,MUSCOkatieClinicCart1@musc.edu
MUSC Okatie Clinic Cart 2,MUSCOkatieClinicCart2@musc.edu
MUSC Ortho Trauma SX10,MUSC.OrthoTrauma.SX10@musc.edu
MUSC Peds CH687,MUSCPedsCH687@musc.edu
MUSC PEDS ED SX10,muscpedsed@musc.edu
MUSC Peds NICU,pecct3@musc.edu
MUSC Peds Primary Conference Room,PedsPrimaryConference@musc.edu
MUSC PEDS RT330,rt330pedsEX60@musc.edu
MUSC PICU iPad,muscpicuipad@cucm.musc.edu
MUSC Summey Medical Pavillion CAC Cart 1,CACCart1@musc.edu
MUSC Sweetgrass Clinic,muscsweetgrass@musc.edu
MUSC Telehealth Technology Team TTT,musc.ttt.ca30@musc.edu
MUSC Telehealth Technology Team VX,TelehealthVXclinical@musc.edu
MUSC Tidelands Waccamaw Clinic,MUSCTidelandsWaccamawClinic@musc.edu
Natasha Hughes,natasha.hughes@pspnsc.org
NeuroPsych EX60,NeuroPsych@musc.edu
NHC Garden City,NHCGardenCity@musc.edu
 NHTC,nhtc@cucm.musc.edu
 nhtc1,nhtc1@cucm.musc.edu
 nhtc2,nhtc2@cucm.musc.edu
 nhtc3,nhtc3@cucm.musc.edu
Nicole Sussman,nis225@cucm.musc.edu
Nita Donald,nita.donald@pspnsc.org
NNICU Call Room SX10,NNICUSX10@musc.edu
NorthCentral FamilyMedicineMain,NorthCentral.Main1@pspnsc.org
NorthCentral FamilyMedicineMain,NorthCentralMain1@pspnsc.org
North Central Middle School,NorthCentralMiddle@pspnsc.org
North Charleston Elementary,NCharlestonElem@musc.edu
North Charleston High,NCharlestonHigh@musc.edu
North Hartsville Elementary,NorthHartsvilleElementary@pspnsc.org
North Hartsville Elementary,NorthHartsvilleElementary@pspnsc.org
Northwoods Middle School,NorthwoodsMiddleSchool@musc.edu
Ntozake Robinson,ntr200@cucm.musc.edu
Nurse Station 5th Floor,rhncentral5@cucm.musc.edu
Nurse Station 7th Floor,rhncentral7@cucm.musc.edu
Nurse Station 8th Floor,rhncentral8@cucm.musc.edu
Nurse Station 9th Floor,rhncentral9@cucm.musc.edu
Nurse Station DX,40169@cucm.musc.edu
OBGYN10 (Vidyo),obgyn10@vidyo.musc.edu
OBGYN11 (Vidyo),obgyn11@vidyo.musc.edu
Olanta Pt,olanta.pt@pspnsc.org
Orangeburg FHC - Denmark,DenmarkFHC@pspnsc.org
Orangeburg FHC - Holly Hill,HollyHillFHC@pspnsc.org
Orangeburg FHC - Neeses,NeesesFHC@pspnsc.org
Orangeburg FHC - Orangeburg1,OrangeburgFHC1@pspnsc.org
Orangeburg FHC - Orangeburg2,OrangeburgFHC2@pspnsc.org
Orangeburg FHC - St George,StGeorgeFHC@pspnsc.org
Orangeburg FHC - St Matthews,StMatthewsFHC@pspnsc.org
Orangeburg FHC - Vance,VanceFHC@pspnsc.org
Pam Brown,pam.w.brown@pspnsc.org
Parker Holcombe,jph201a@cucm.musc.edu
Parker Holcombe,jph201b@cucm.musc.edu
Pat Coyne,pjc200@cucm.musc.edu
Pate Elementary,PateElementary@pspnsc.org
Patricia Middleton,pam237@cucm.musc.edu
Patrick Loveland,pal35@cucm.musc.edu
Pattison's Academy,PattisonAcademy@musc.edu
Paula Jones,jonespa@musc.edu
PC 1,pc1@pspnsc.org
PC 2,pc2@pspnsc.org
PCC Davia Smith,daviasmith@vidyo.pspnsc.org
PCC Office,pcc@pspnsc.org
Pelion High School,PelionHigh@pspnsc.org
Peter Zippel,peter.zippel@pspnsc.org
Pharmacy Conf,pharmacy.conf@pspnsc.org
Pinehurst Elementary School,PinehurstElementary@musc.edu
Polaris Tech Charter School,PolarisTechCharter@musc.edu
Prabhakar Baliga,baligap@cucm.musc.edu
Prenatal Wellness Bridge,8438881261@cucm.musc.edu
Prenatal Wellness Bridge,8438881261@musc.edu
Prenatal Wellness Center DX80,pwcdx80@cucm.musc.edu
Prescilla Welch,prescilla.welch@pspnsc.org
Pulm Research,PulmResearch@cucm.musc.edu
Rachel Delany,rak29@cucm.musc.edu
Rachel Nussbaum,rmn202@cucm.musc.edu
Rafting Creek Elementary,RaftingCreekElementary@musc.edu
Ragan DuBose-Morris,duboser@cucm.musc.edu
Rana Pullatt,pullattr@cucm.musc.edu
Rebekah Chester,rac202@cucm.musc.edu
RE Davis Elementary,REDavisElementary@musc.edu
Regional Medical Cell Biology,Regmedcellbio@musc.edu
Renee Goda,reg209@cucm.musc.edu
RHS_ClyburnPsych,ccpc_psych@pspnsc.org
RHS_Margaret J Weston,margaretjweston@pspnsc.org
RHS_SouthAiken,fhc_southaiken@pspnsc.org
Richard Ancrum,Richard@cucm.musc.edu
Richard Ancrum,richard.ancrum@pspnsc.org
Richard Carroll Elementary School,RichardCarroll.Elem@pspnsc.org
Ridgeland Elementary School,RidgelandElementarySchool@pspnsc.org
Ridgeland-Hardeeville High School,RidgelandHardeevilleHighSchool@pspnsc.org
Rika Enverga,rie202@cucm.musc.edu
Riverside Prince George,GTown.PrinceGeorge.CA30@musc.edu
Riverside Springdale,riverside.springdale@musc.edu
RMC Orangeburg,RMCOrangeburg@pspnsc.org
Roberta Smith,ros222@cucm.musc.edu
Robert Cina,rac35@cucm.musc.edu
Room 23,40208@cucm.musc.edu
Room 25,40069@cucm.musc.edu
Room 26,40209@cucm.musc.edu
Room 27,40207@cucm.musc.edu
Room 28,40208@cucm.musc.edu
Room 29,40107@cucm.musc.edu
Room 30,40159@cucm.musc.edu
Room 31,40168@cucm.musc.edu
Room 7001,40206@cucm.musc.edu
Room 746,40161@cucm.musc.edu
Room 747,40169@cucm.musc.edu
Room 749,40178@cucm.musc.edu
Room 768,40168@cucm.musc.edu
Room 771,40193@cucm.musc.edu
Room 773,40204@cucm.musc.edu
Room 774,40202@cucm.musc.edu
Room 775,40195@cucm.musc.edu
Rosenwald Elementary & Middle School,RosenwaldElementaryMiddle@pspnsc.org
Ruth Weber,rmw202@cucm.musc.edu
Ryan Byrne,rrb7@cucm.musc.edu
Ryann Lee,ryann.lee@pspnsc.org
Samantha Willard,Samantha.Willard@pspnsc.org
Sanders Clyde Elementary,SandersClydeElem-CA300@musc.edu
Sandpiper Rehabilitation Mt Pleasant,SandpiperRehabMtP@musc.edu
Sandy Run k-8,ccps.sr.k8@pspnsc.org
Sanjay Kumar,skumar@pspnsc.org
Sara Edmondson,stc23@cucm.musc.edu
Sarah Beth Bradley,SarahBeth.Bradley@pspnsc.org
Sarah Haselden-Brown,sarah.haselden-brown@pspnsc.org
Sara Jasper,saj223@cucm.musc.edu
SCDC Evans Correctional,SCDC.Evans.Medical@musc.edu
SCDC Kirkland Correctional,KirklandInfirmaryAvizia300@musc.edu
SCDC Lee Correctional,SCDC.Lee.Medical@musc.edu
SCDC Lieber Correctional,scdc.lieber.medical@musc.edu
SCDC Turbeville Correctional,SCDC.Turbeville.Medical@musc.edu
SCDMH Test,scdmhTEST@pspnsc.org
SCTA TTT CA750 (DG Desk),SCTATTTCA750@pspnsc.org
Sequita Hennessey,sequitahennessey@cucm.musc.edu
Shaunisha Cox,sjh20@cucm.musc.edu
Shaw Heights Elementary,ShawHeightsElem@musc.edu
Shayla Bergmann,bergmans@cucm.musc.edu
Shelia Riser,shr222@cucm.musc.edu
Sheree Rivers,shr35@cucm.musc.edu
Sherrilyn McFadden,sherrilyn.mcfadden@pspnsc.org
Sheteeca Williams,sheteeca.williams@pspnsc.org
SHIFA  Student,shifa@cucm.musc.edu
Shonte Polk,shonte.polk@pspnsc.org
Silvia Pereira-Smith,srp202@cucm.musc.edu
South Bay Assisted Living,SouthBayAssistedLiving@musc.edu
South Elementary (Dillon 4),southelemdillon@pspnsc.org
South Florence High School,SouthFlorence.High.CA30@pspnsc.org
Southside Early Childhood Center,SouthsideEarlyChildhood@pspnsc.org
Spartanburg Medical Center, SpartanburgMedicalCenter@pspnsc.org
Sshune Rhodes,scr204@cucm.musc.edu
Stall High School,StallHighSchool@musc.edu
Stephanie McLaughlin,stephanie.mclaughlin@pspnsc.org
Stephanie Petersen,spt209@cucm.musc.edu
Stephen Smith,Stephen.Smith@pspnsc.org
Steven Nunez,steven.nunez@pspnsc.org
Stewart Heights Elementary (Dillon 4),StewartHeightsElem@pspnsc.org
StJames Santee FHC,StJamesSanteeFHC@pspnsc.org
Strom Thurmond High School,StromThurmondHigh@pspnsc.org
St. Stephens Elementary BCSD,StStephensElementary@musc.edu
St. Stephens Elementary BCSD,StStephensElementary@musc.edu
St. Stephens Middle BCSD,StStephensMiddle@musc.edu
Stuart Smalheiser,BMH.StuartSmalheiser@pspnsc.org
Sujai Nath,sdn200@cucm.musc.edu
Susan Sutton,susan.sutton@pspnsc.org
Tammy Gregg,tammy.gregg@pspnsc.org
Tanya Turan,tat20@cucm.musc.edu
Tasia Walsh,walshta@cucm.musc.edu
Telehealth Team Jabber,ttt@cucm.musc.edu
Teresa Webb,teresa.webb@pspnsc.org
Terri Fowler,blantont@cucm.musc.edu
Terry Day,dayt@cucm.musc.edu
Test Audio Video,loopback@cisco.com
Test User,tstuser@pspnsc.org
Theresa Robinson,Thr205@cucm.musc.edu
Thomas Byrne,byrnetk@cucm.musc.edu
Thornwell School of the Arts,thornwellschool@pspnsc.org
Tidelands Georgetown Memorial ED,GeorgetownEDCA750@musc.edu
Tidelands Georgetown Memorial Nursery,GtownVXcart1@musc.edu
Tidelands Waccamaw Hospital ED,WaccamawEDCA750@musc.edu
Tidelands Waccamaw Hospital Nursery,WaccamawVXcart1@musc.edu
TideWatch Emergency Department,TideWatchEmergency@pspnsc.org
Tiffin Lamoreaux,LamoreauxTiffin@cucm.musc.edu
Tim Brown,Tim.Brown@pspnsc.org
Tim Burnham,tib202@cucm.musc.edu
Timothy Whelan,tpw2@cucm.musc.edu
Tony Megna,tony.megna@pspnsc.org
Travis Turner,turnertr@cucm.musc.edu
Travis Turner EX60,TurnerEX60@musc.edu
Trevor Clere,Trevor.Clere@pspnsc.org
Trident Family Medicine,tridentfammed@musc.edu
Tripp Byrd,tripp.byrd@pspnsc.org
Tyesha Frasier,tyf200@cucm.musc.edu
Tyler Wilson,tkw203@cucm.musc.edu
Ulonda James,Ulonda.James@pspnsc.org
Union Medical Center ED,UnionMedicalCenterED@pspnsc.org
Union Medical Center Inpatient,UnionMedicalCenterInpatient@pspnsc.org
Valorie Barrnett,valorie.barrnett@pspnsc.org
Vanessa Diaz,diazva@cucm.musc.edu
Vibra LTAC Hospital of Charleston,VibraLTAC@musc.edu
Vinayak Rohan,vir20@cucm.musc.edu
Vinaya Rao,vir204@cucm.musc.edu
Walterboro Pt,walterboro.pt@pspnsc.org
Wendy Pena-Smith,wep2@cucm.musc.edu
Wendy Sosebee,sosebee@pspnsc.org
Wendy Sosebee,sosebee@cucm.musc.edu
W. E. Parker Elementary School,WEParkerElementary@pspnsc.org
West Ashley Cardiology,WestAshleyCardiology@musc.edu
Whale Branch Early College High - Beaufort,WhaleBranchHigh@musc.edu
Whale Branch Elementary - Beaufort,WhaleBranchElem@musc.edu
Whale Branch Middle - Beaufort,WhaleBranchMiddle@musc.edu
William Randazzo,wsr2@cucm.musc.edu
Williston-Elko High School,WillistonElkoHigh@pspnsc.org
Williston-Elko Middle School,WillistonElkoMiddle@pspnsc.org
Willow Drive Elementary,WillowDriveElem@musc.edu
Winyah Women's Center,winyahwomenscenter@musc.edu
Winyah Womens Center (Vidyo),winyahwomenscenter@vidyo.musc.edu
W. M. Anderson Primary School WCSD,WMAndersonPrimary@musc.edu
Zeke Campbell,zmc200@cucm.musc.edu
Zipporah Krishnasami,zik@cucm.musc.edu